level,id,label,description,value,parent,density_rank_percentile
1,g10,産業のデジタルトランスフォーメーション,AIが産業全体のデジタルトランスフォーメーションを促進する役割についての意見が集まっています。特に製造業や物流における効率化が強調されています。,40,0,1.0
1,g2,データ分析と意思決定,AIを利用したデータ分析の迅速性や正確性、企業経営の意思決定を強化する役割に関する意見が含まれています。ビッグデータとの連携や個別化医療など、様々な分野での応用が期待されています。,38,0,0.9473684210526315
1,g7,エンターテイメントとマーケティング,AIがエンターテイメントやデジタルマーケティングにおいて新たな体験や戦略を提供する可能性についての意見が含まれています。消費者行動の分析やパーソナライズの重要性が強調されています。,36,0,0.8947368421052632
1,g12,医療分野での革新,AIが医療診断や個別化医療において革新をもたらす可能性についての意見が多く見られます。特に、遠隔医療や健康診断の分野での活用が期待されています。,32,0,0.8421052631578947
1,g3,自動化と雇用,AIによる自動化が雇用に与える影響や新たな雇用創出の可能性についての懸念と期待が表現されています。特に製造業やサービス業における自動化の進展が注目されています。,31,0,0.7894736842105263
1,g5,公共サービスの改善,AI技術が公共サービスの質向上や透明性向上に寄与する可能性についての意見が多く見られます。特に、教育や医療、環境問題への応用が期待されています。,29,0,0.7368421052631579
1,g8,環境問題への貢献,AI技術が環境問題の解決に寄与する可能性についての意見が集まっています。特に、エネルギー管理や気候変動対策における役割が期待されています。,24,0,0.6842105263157895
1,g15,社会福祉と支援,AIが社会福祉分野において新たな解決策を提供する可能性についての意見が集まっています。特に、公共安全や防犯システムにおける役割が強調されています。,24,0,0.631578947368421
1,g4,交通と安全,AIの自動運転技術や交通インフラの最適化に関する意見が集まっています。交通事故のリスク低減や安全運転支援の役割が強調されています。,23,0,0.5789473684210527
1,g19,AIの持続可能な発展,AIが持続可能な発展に寄与する可能性についての意見が集まっています。特に、環境問題への対応やエネルギー効率の向上が期待されています。,23,0,0.5263157894736842
1,g6,倫理と規制,AIの倫理的側面や法整備の必要性についての意見が集まっています。特に、プライバシー保護や透明性の重要性が強調されています。,19,0,0.47368421052631576
1,g1,AIの業界変革,AI技術の進化が従来の業界構造を根本から変える可能性や新たなビジネスモデルの創出に関する意見が集まっています。特に、AIが企業の戦略的意思決定や業務効率化に寄与する点が強調されています。,18,0,0.42105263157894735
1,g14,金融分野での活用,AIが金融市場のリスク管理や不正検知において重要な役割を果たすという意見が多く見られます。特に、金融取引の安全性向上が期待されています。,18,0,0.3684210526315789
1,g11,AIの透明性と信頼性,AI技術の透明性向上がユーザーの信頼を深めるために重要であるという意見が集まっています。特に、アルゴリズムの外部監査やデータの信頼性向上が求められています。,13,0,0.3157894736842105
1,g17,AIの進化と未来,AI技術の進化が未来の社会における革新的な変革を促すという意見が集まっています。特に、働き方や生活様式の変化が強調されています。,13,0,0.2631578947368421
1,g9,リモートワークと効率化,AIがリモートワーク環境の効率化や生産性向上に寄与する意見が多く見られます。特に、教育現場や医療分野での活用が注目されています。,12,0,0.21052631578947367
1,g16,研究開発の効率化,AIが研究開発分野での試行錯誤を効率化する役割についての意見が多く見られます。特に、新製品開発のスピード向上が期待されています。,12,0,0.15789473684210525
1,g13,農業と食糧生産,AIを利用したスマート農業が食糧生産に革命を起こす可能性についての意見が集まっています。特に、作物管理や生産性向上が強調されています。,6,0,0.10526315789473684
1,g18,AIの国際協力,AIの発展には国際的な協力が不可欠であるという意見が多く見られます。特に、倫理的な側面や規制整備における国際的な取り組みが求められています。,6,0,0.05263157894736842
1,g20,AIの自動翻訳とコミュニケーション,AIを利用した自動翻訳技術が言語の壁を取り払う手段として期待されています。特に、国際的なコミュニケーションの促進が強調されています.,5,0,0.0
